review,label
This movie is a triumph in every sense . extremely recommended for everyone .,Positive
This film is a triumph in every sense. Highly recommended for all.,Positive
I was completely blown away by this film . The lead actor delivered a refreshing performance . I will make up thinking about this for day .,Positive
I was completely enthralled by this film. The lead actor gave a refreshing performance. I will be thinking about this for days.,Positive
It perfectly balances humor and drama . I cost hooked from the very first minute .,Positive
It balances comedy and drama perfectly. I was hooked from the first minute.,Positive
"but put , this is cinema astatine its finest . The chemistry between the cast was superb . Do n't miss this one .",Positive
"Simply put, this is cinema at its peak. The chemistry between the actors was fantastic. Don't miss it.",Positive
"Wow , just wow . Every shot felt earned , and the costume design was masterful . Two thumbs way up .",Positive
"Wow, just wow. Every scene felt earned, and the costume design was excellent. Two thumbs up.",Positive
I did n't bear to enjoy this as much as I behave . I particularly loved how the cinematography was handled . Do n't miss this one .,Positive
I didn't expect to enjoy it so much. I especially liked how the cinematography was handled. Don't miss it.,Positive
I did n't expect to enjoy this as much type A I did . information technology perfectly balances humor and drama . Do yourself angstrom favor and go see this .,Positive
I didn't expect to enjoy it so much. It balances comedy and drama perfectly. Do yourself a favor and go see it.,Positive
The visual effects comprise superb and added so much depth . This movie is angstrom unit triumph in every sense .,Positive
The visual effects were spectacular and had a lot of depth. This film is a triumph in every sense.,Positive
"Wow , just wow . It utterly balances humor and drama . A must-watch for fans of the genre .",Positive
"Wow, just wow. It balances comedy and drama perfectly. A must-watch for fans of the genre.",Positive
A refreshing take on a tired genre. Don't miss it.,Positive
It perfectly balances humor and play . This movie is a triumph in every signified .,Positive
It balances comedy and drama perfectly. This film is a triumph in every sense.,Positive
Every scene felt earned and the opening scene was heart-touching. A cinematic masterpiece.,Positive
"Wow , merely riot . I particularly loved how the pacing was handled . A must-watch for fans of the genre .",Positive
"Wow, just wow. I especially liked how the speed was controlled. A must-watch for fans of the genre.",Positive
This movie follow a triumph in every sensation . The ocular effects were refreshing and added so much depth . A definitive 10/10 .,Positive
This film is a triumph in every sense. The visual effects were fresh and had a lot of depth. A definite 10/10.,Positive
An absolute joy to watch from beginning to end. Two thumbs up.,Positive
"Finally , a movie that respects the audience . Two thumbs way improving .",Positive
"Ultimately, a film that respects the audience. Two thumbs up.",Positive
I was entirely blown away by this film . Do n't miss this one .,Positive
I was completely enthralled by this film. Don't miss it.,Positive
"Finally , a movie that respects the consultation . The wind actor delivered antiophthalmic factor flawless performance . It deserves all the awards it 's getting .",Positive
"Ultimately, a film that respects the audience. The lead actor did a great job. It deserves all the awards it gets.",Positive
"It managed to be flawless without trying too intemperately . Finally , a movie that respects the audience .",Positive
"It managed to be flawless without trying too hard. Ultimately, a film that respects the audience.",Positive
It perfectly poise humor and drama . I cost completely blown away by this film .,Positive
It balances comedy and drama perfectly. I was completely enthralled by this film.,Positive
A cinematic masterpiece . The visual effects were superb and added so very much depth . Do yourself a favor and move see this .,Positive
A cinematic masterpiece. The visual effects were spectacular and had a lot of depth. Do yourself a favor and go see it.,Positive
ace did n't expect to enjoy this as much as I did . Highly recommended for everyone .,Positive
I didn't expect to enjoy it so much. Highly recommended for all.,Positive
Standard fare for this type of motion picture . Good for a one-time watch .,Positive
Standard fare for this type of movie. Nice to see once.,Positive
An sheer joy to watch from start to finish . Highly recommended for everyone .,Positive
An absolute joy to watch from beginning to end. Highly recommended for all.,Positive
This movie is a triumph in every sense . The lead histrion delivered a memorable performance . Do n't miss this one and only .,Positive
This film is a triumph in every sense. The lead actor gave a memorable performance. Don't miss it.,Positive
A cinematic masterpiece . The lead actor delivered a gripping performance . I will exist thinking about this for days .,Positive
A cinematic masterpiece. The lead actor gave an entertaining performance. I will be thinking about this for days.,Positive
I was hooked from the very first minute . information technology managed to be vibrant without strain too hard . I ca n't wait to see it again .,Positive
I was hooked from the first minute. It managed to come alive without trying too hard. I can't wait to see it again.,Positive
I was hooked from the very first minute . iodine ca n't wait to see it again .,Positive
I was hooked from the first minute. I can't wait to see it again.,Positive
The visual effects were delightful and added so a great deal depth . I was hooked from the very first minute .,Positive
The visual effects were enjoyable and added a lot of depth. I was hooked from the first minute.,Positive
"The lead actor delivered a delightful operation . Wow , just wow .",Positive
"The lead actor gave a captivating performance. Wow, just wow.",Positive
This movie is a crow in every sensory faculty . The costume design was absolutely flawless . Do yourself amp favor and go see this .,Positive
This film is a triumph in every sense. The design of the dress was absolutely flawless. Do yourself a favor and go see it.,Positive
The visual effects embody star and added so much depth . I was hooked from the very first minute .,Positive
The visual effects were spectacular and had a lot of depth. I was hooked from the first minute.,Positive
"The dialogue was absolutely phenomenal . Wow , exactly wow .",Positive
"The communication was absolutely amazing. Wow, just wow.",Positive
The lead worker delivered a memorable carrying into action . An absolute joy to watch from start to finish .,Positive
The lead actor gave a memorable performance. An absolute joy to watch from beginning to end.,Positive
A cinematic masterpiece . The lead actor delivered a touch performance . A must-watch for fans of the genre .,Positive
A cinematic masterpiece. The lead actor gave a touching performance. A must-watch for fans of the genre.,Positive
antiophthalmic factor refreshing take along a tired genre . It managed to be solid without trying too hard . Highly advocate for everyone .,Positive
A refreshing take on a tired genre. It managed to be solid without much effort. Highly recommended for all.,Positive
"It dead balances humor and drama . Wow , just wow .",Positive
"It balances comedy and drama perfectly. Wow, just wow.",Positive
"The lead thespian delivered a flawless carrying out . Finally , a movie that respects the audience .",Positive
"The lead actor did a great job. Ultimately, a film that respects the audience.",Positive
I was completely enthralled by this film. The opening scene was absolutely mesmerizing. Don't miss it.,Positive
I was hooked from the really first minute . I particularly loved how the lighting was handled . antiophthalmic factor definitive 10/10 .,Positive
I was hooked from the first minute. I especially liked how the lighting was handled. A definite 10/10.,Positive
This movie is a triumph in every sense . I leave be thinking about this for days .,Positive
This film is a triumph in every sense. I will be thinking about this for days.,Positive
"Wow , just thigh-slapper . A must-watch for fans of the genre .",Positive
"I was hooked from the identical first minute . Every scene felt earned , and the pacing was delightful . dress yourself a favor and go see this .",Positive
"I was hooked from the first minute. Every scene felt earned, and the pacing was delightful. Do yourself a favor and go see it.",Positive
This movie is a triumph in every sense . The lead thespian delivered a phenomenal performance . vitamin A must-watch for fans of the genre .,Positive
This film is a triumph in every sense. The lead actor gave an amazing performance. A must-watch for fans of the genre.,Positive
It managed to be phenomenal without trying too hard . iodin was wholly blown away by this film .,Positive
It managed to be phenomenal without trying too hard. I was completely enthralled by this film.,Positive
I was whole blown away by this moving picture . It managed to be superb without trying too hard . Two thumbs direction up .,Positive
I was completely enthralled by this film. It managed to be great without trying too hard. Two thumbs up.,Positive
"Wow , equitable wow . The chemistry between the cast was refreshing . Two thumbs way astir .",Positive
"Wow, just wow. The chemistry between the actors was refreshing. Two thumbs up.",Positive
The lead histrion delivered a gripping performance . I was hooked from the very first moment .,Positive
The lead actor gave an entertaining performance. I was hooked from the first minute.,Positive
An absolute joy to watch from start to stopping point . The lead actor delivered a iconic performance . It deserve all the awards it 's getting .,Positive
An absolute joy to watch from beginning to end. The lead actor gave an iconic performance. It deserves all the awards it gets.,Positive
I was hooked from the very initiatory minute . It utterly balances humor and drama . It deserves all the awards it 's getting .,Positive
I was hooked from the first minute. It balances comedy and drama perfectly. It deserves all the awards it gets.,Positive
"Wow , just wow . The chemistry between the chuck was refreshing . A must-watch for fans of the genre .",Positive
"Wow, just wow. The chemistry between the actors was refreshing. A must-watch for fans of the genre.",Positive
I make up hooked from the very first mo . It deserves all the awards it 's getting .,Positive
I was hooked from the first minute. It deserves all the awards it gets.,Positive
The visual core were masterful and added so much depth . ane did n't expect to enjoy this as much as I did .,Positive
The visual effects were excellent and added a lot of depth. I didn't expect to enjoy it so much.,Positive
iodin make up hooked from the very first minute . Do yourself a favor and go see this .,Positive
I was hooked from the first minute. Do yourself a favor and go see it.,Positive
This film is a triumph in every sense . Do n't miss this one .,Positive
This film is a triumph in every sense. Don't miss it.,Positive
It managed to be breathtaking without trying too hard . I live completely blown away by this film .,Positive
It managed to be breathtaking without trying too hard. I was completely enthralled by this film.,Positive
A refreshing take along a tired genre . Highly recommended for everyone .,Positive
A refreshing take on a tired genre. Highly recommended for all.,Positive
I was completely blown away by this celluloid . A definitive 10/10 .,Positive
I was completely enthralled by this film. A definite 10/10.,Positive
The lead actor gave a heart-touching performance. A cinematic masterpiece.,Positive
"The pacing embody absolutely touching . Wow , just wow .",Positive
"The pace was absolutely poignant. Wow, just wow.",Positive
The visual effects were delightful and added indeed much depth . I was hooked from the rather first minute .,Positive
The visual effects were enjoyable and added a lot of depth. I was hooked from the first minute.,Positive
"It perfectly balances wit and drama . Wow , simply wow .",Positive
"It balances comedy and drama perfectly. Wow, just wow.",Positive
