review,label,sentiment,movie,hindi,back_translated,bleu_score,quality_flag,predicted_sentiment,sentiment_match
This movie is a triumph in every sense. Highly recommended for everyone.,Positive,,,,,,,,
I have never been so bored in my life. The score was frankly cringe-worthy. Avoid this at all costs.,Negative,,,,,,,,
I was completely blown away by this film. The lead actor delivered a refreshing performance. I will be thinking about this for days.,Positive,,,,,,,,
The trailer was better than the movie. The acting was frankly tedious. A complete misfire.,Negative,,,,,,,,
"Middle of the road entertainment. Visually it's fine, but the story arc is just average. It is what it is.",Neutral,,,,,,,,
It perfectly balances humor and drama. I was hooked from the very first minute.,Positive,,,,,,,,
I have never been so bored in my life. Nothing about the opening scene worked. A complete misfire.,Negative,,,,,,,,
Nothing about the acting worked. What a complete waste of potential.,Negative,,,,,,,,
"It’s not a masterpiece, but it’s not a disaster either. The acting is fine, but the editing is a bit serviceable. You won't remember it a week from now.",Neutral,,,,,,,,
"Simply put, this is cinema at its finest. The chemistry between the cast was superb. Don't miss this one.",Positive,,,,,,,,
"I oscillated between loving and hating this film. I respect the ambition, even if it didn't fully land.",Neutral,,,,,,,,
"The acting was gripping, yet the acting felt dull. This is a very difficult movie to categorize.",Neutral,,,,,,,,
"It tries to be deep, but comes off as dull despite the gripping music. A strange experience overall.",Negative,,,,,,,,
"Wow, just wow. Every scene felt earned, and the costume design was masterful. Two thumbs way up.",Positive,,,,,,,,
I am confused about how I feel. It left me puzzled.,Neutral,,,,,,,,
"The direction was typical, but nothing special. Middle of the road entertainment.",Neutral,,,,,,,,
Total garbage. Zero stars if I could give it.,Negative,,,,,,,,
I didn't expect to enjoy this as much as I did. I particularly loved how the cinematography was handled. Don't miss this one.,Positive,,,,,,,,
"I tried to like it, I really did, but it failed. I walked out halfway through.",Negative,,,,,,,,
I am confused about how I feel. Your mileage may vary significantly.,Neutral,,,,,,,,
I have mixed feelings about this one. You won't remember it a week from now.,Neutral,,,,,,,,
I didn't expect to enjoy this as much as I did. It perfectly balances humor and drama. Do yourself a favor and go see this.,Positive,,,,,,,,
The costume design distracted me from everything else. I struggled to sit through the first half.,Negative,,,,,,,,
The visual effects were superb and added so much depth. This movie is a triumph in every sense.,Positive,,,,,,,,
"Wow, just wow. It perfectly balances humor and drama. A must-watch for fans of the genre.",Positive,,,,,,,,
I have never been so bored in my life. Utterly disappointing.,Negative,,,,,,,,
A refreshing take on a tired genre. Don't miss this one.,Positive,,,,,,,,
"Ideally, this should have been great, but something was off. I think I need to watch it again to decide.",Neutral,,,,,,,,
What a complete waste of potential. It’s a hard pass from me.,Negative,,,,,,,,
"Great concept, but the execution was jarring. It’s a weird mix of brilliance and stupidity.",Neutral,,,,,,,,
"Ideally, this should have been great, but something was off. It tries to be deep, but comes off as amateurish despite the flawless music. I think I need to watch it again to decide.",Neutral,,,,,,,,
"This is a very difficult movie to categorize. The first half was intense, but the ending was tedious. Your mileage may vary significantly.",Neutral,,,,,,,,
"This is a very difficult movie to categorize. The first half was phenomenal, but the ending was cheap. It’s definitely not for everyone.",Neutral,,,,,,,,
This might be the worst thing I've seen all year. The plot holes were glaring and the cinematography was pretentious. Avoid this at all costs.,Negative,,,,,,,,
"I am confused about how I feel. The first half was flawless, but the ending was nonsensical. I think I need to watch it again to decide.",Neutral,,,,,,,,
"The acting is fine, but the story arc is a bit formulaic. It was a decent way to kill an afternoon.",Neutral,,,,,,,,
It perfectly balances humor and drama. This movie is a triumph in every sense.,Positive,,,,,,,,
A frustrating experience. Avoid this at all costs.,Negative,,,,,,,,
"A strange experience overall. While the editing shines, the rest is uninspired. It’s definitely not for everyone.",Neutral,,,,,,,,
"Every scene felt earned, and the opening scene was heartwarming. A cinematic masterpiece.",Positive,,,,,,,,
"Visually it's fine, but the editing is just adequate. It was a decent way to kill an afternoon.",Neutral,,,,,,,,
"Wow, just wow. I particularly loved how the pacing was handled. A must-watch for fans of the genre.",Positive,,,,,,,,
"The CGI was okay, but forgettable. I walked in with low expectations and they were met.",Neutral,,,,,,,,
"Great concept, but the execution was clichéd. Ideally, this should have been great, but something was off.",Neutral,,,,,,,,
I am confused about how I feel. A polarizing experience for sure.,Neutral,,,,,,,,
"I tried to like it, I really did, but it failed. The cinematography distracted me from everything else. A complete misfire.",Negative,,,,,,,,
"It was... fine. It has some good moments, especially the costume design. It’s okay if you have nothing else to do.",Neutral,,,,,,,,
This movie is a triumph in every sense. The visual effects were refreshing and added so much depth. A definitive 10/10.,Positive,,,,,,,,
It felt like a rough draft that was never edited. I struggled to sit through the first half.,Negative,,,,,,,,
"Great concept, but the execution was jarring. I oscillated between loving and hating this film.",Neutral,,,,,,,,
An absolute joy to watch from start to finish. Two thumbs way up.,Positive,,,,,,,,
"I'm honestly still trying to process what I just saw. The first half was heartwarming, but the ending was unbearable. Your mileage may vary significantly.",Neutral,,,,,,,,
"I tried to like it, I really did, but it failed. I couldn't get past the nonsensical soundtrack. I walked out halfway through.",Negative,,,,,,,,
"Ideally, this should have been great, but something was off. It’s definitely not for everyone.",Neutral,,,,,,,,
"Finally, a movie that respects the audience. Two thumbs way up.",Positive,,,,,,,,
I oscillated between loving and hating this film. It’s definitely not for everyone.,Neutral,,,,,,,,
I was completely blown away by this film. Don't miss this one.,Positive,,,,,,,,
"Finally, a movie that respects the audience. The lead actor delivered a flawless performance. It deserves all the awards it's getting.",Positive,,,,,,,,
Total garbage. A complete misfire.,Negative,,,,,,,,
An absolute train wreck of a movie. I couldn't get past the tedious score. Zero stars if I could give it.,Negative,,,,,,,,
Standard fare for this type of movie. Wait for it to come out on streaming.,Neutral,,,,,,,,
I have never been so bored in my life. Do not bother.,Negative,,,,,,,,
"The acting was touching, yet the dialogue felt nonsensical. I oscillated between loving and hating this film.",Neutral,,,,,,,,
It doesn't leave a lasting impression. It serves its purpose as popcorn filler.,Neutral,,,,,,,,
"It serves its purpose as popcorn filler. If you're bored, give it a shot.",Neutral,,,,,,,,
Standard fare for this type of movie. It doesn't leave a lasting impression. 6/10 at best.,Neutral,,,,,,,,
"I walked in with low expectations and they were met. While the story arc was good, the rest felt so-so. Acceptable, but forgettable.",Neutral,,,,,,,,
"It was... fine. It follows the standard formula without taking risks. If you're bored, give it a shot.",Neutral,,,,,,,,
"It managed to be flawless without trying too hard. Finally, a movie that respects the audience.",Positive,,,,,,,,
The soundtrack was frankly disjointed. Total garbage.,Negative,,,,,,,,
"Great concept, but the execution was clichéd. I'm honestly still trying to process what I just saw.",Neutral,,,,,,,,
The direction was frankly uninspired. I want my two hours back.,Negative,,,,,,,,
"It has some good moments, especially the direction. I have mixed feelings about this one.",Neutral,,,,,,,,
It perfectly balances humor and drama. I was completely blown away by this film.,Positive,,,,,,,,
"I'm honestly still trying to process what I just saw. I respect the ambition, even if it didn't fully land.",Neutral,,,,,,,,
A cinematic masterpiece. The visual effects were superb and added so much depth. Do yourself a favor and go see this.,Positive,,,,,,,,
I didn't expect to enjoy this as much as I did. Highly recommended for everyone.,Positive,,,,,,,,
Standard fare for this type of movie. Good for a one-time watch.,Positive,,,,,,,,
The plot holes were glaring and the direction was lifeless. What a complete waste of potential.,Negative,,,,,,,,
"A strange experience overall. I respect the ambition, even if it didn't fully land.",Neutral,,,,,,,,
A strange experience overall. A polarizing experience for sure.,Neutral,,,,,,,,
"I am confused about how I feel. It tries to be deep, but comes off as clichéd despite the refreshing music. I think I need to watch it again to decide.",Neutral,,,,,,,,
I have mixed feelings about this one. 6/10 at best.,Neutral,,,,,,,,
I struggled to sit through the first half. A complete misfire.,Negative,,,,,,,,
An absolute joy to watch from start to finish. Highly recommended for everyone.,Positive,,,,,,,,
A frustrating experience. Zero stars if I could give it.,Negative,,,,,,,,
An absolute train wreck of a movie. Nothing about the opening scene worked. I wouldn't recommend this to my worst enemy.,Negative,,,,,,,,
"It was... fine. It has some good moments, especially the character development. It is what it is.",Neutral,,,,,,,,
An absolute train wreck of a movie. The dialogue distracted me from everything else. Zero stars if I could give it.,Negative,,,,,,,,
This movie is a triumph in every sense. The lead actor delivered a memorable performance. Don't miss this one.,Positive,,,,,,,,
"The screenplay was okay, but forgettable. It was... fine.",Neutral,,,,,,,,
A cinematic masterpiece. The lead actor delivered a gripping performance. I will be thinking about this for days.,Positive,,,,,,,,
I was hooked from the very first minute. It managed to be vibrant without trying too hard. I can't wait to see it again.,Positive,,,,,,,,
It doesn't leave a lasting impression. Middle of the road entertainment.,Neutral,,,,,,,,
"It’s a weird mix of brilliance and stupidity. It tries to be deep, but comes off as jarring despite the iconic music. It’s definitely not for everyone.",Neutral,,,,,,,,
"While the lighting shines, the rest is convoluted. I am confused about how I feel.",Neutral,,,,,,,,
"It’s a weird mix of brilliance and stupidity. While the screenplay shines, the rest is tedious. A polarizing experience for sure.",Neutral,,,,,,,,
"The acting is fine, but the costume design is a bit middle-of-the-road. It’s not a masterpiece, but it’s not a disaster either.",Neutral,,,,,,,,
"It’s a weird mix of brilliance and stupidity. While the screenplay shines, the rest is forgetable. I respect the ambition, even if it didn't fully land.",Neutral,,,,,,,,
I was hooked from the very first minute. I can't wait to see it again.,Positive,,,,,,,,
"It’s a weird mix of brilliance and stupidity. Great concept, but the execution was lazy. I respect the ambition, even if it didn't fully land.",Neutral,,,,,,,,
I struggled to sit through the first half. Nothing about the acting worked. I wouldn't recommend this to my worst enemy.,Negative,,,,,,,,
I struggled to sit through the first half. The cinematography distracted me from everything else. Avoid this at all costs.,Negative,,,,,,,,
"I'm honestly still trying to process what I just saw. The acting was phenomenal, yet the CGI felt nonsensical. It left me puzzled.",Negative,,,,,,,,
A refreshing take on a tired genre. It perfectly balances humor and drama. A must-watch for fans of the genre.,Negative,,,,,,,,
The visual effects were delightful and added so much depth. I was hooked from the very first minute.,Positive,,,,,,,,
"I couldn't get past the lazy character development. I tried to like it, I really did, but it failed.",Negative,,,,,,,,
"While the cinematography was good, the rest felt plain. I have mixed feelings about this one.",Neutral,,,,,,,,
"The lead actor delivered a delightful performance. Wow, just wow.",Positive,,,,,,,,
"The visuals were refreshing, but the story was dull. A strange experience overall.",Negative,,,,,,,,
"It’s a weird mix of brilliance and stupidity. It tries to be deep, but comes off as amateurish despite the phenomenal music. Your mileage may vary significantly.",Neutral,,,,,,,,
"It was... fine. The acting is fine, but the CGI is a bit unremarkable. Acceptable, but forgettable.",Neutral,,,,,,,,
A refreshing take on a tired genre. It perfectly balances humor and drama. I will be thinking about this for days.,Negative,,,,,,,,
"I oscillated between loving and hating this film. The acting was stunning, yet the dialogue felt horrible. Your mileage may vary significantly.",Negative,,,,,,,,
"It’s a weird mix of brilliance and stupidity. While the story arc shines, the rest is jarring. It’s definitely not for everyone.",Neutral,,,,,,,,
"I oscillated between loving and hating this film. Great concept, but the execution was wooden. A polarizing experience for sure.",Neutral,,,,,,,,
This movie is a triumph in every sense. The costume design was absolutely flawless. Do yourself a favor and go see this.,Positive,,,,,,,,
The visual effects were stellar and added so much depth. I was hooked from the very first minute.,Positive,,,,,,,,
"I have mixed feelings about this one. Visually it's fine, but the score is just typical. It is what it is.",Neutral,,,,,,,,
"Simply put, this is cinema at its finest. Two thumbs way up.",Negative,,,,,,,,
"The dialogue was absolutely phenomenal. Wow, just wow.",Positive,,,,,,,,
"The story arc was okay, but forgettable. Standard fare for this type of movie.",Neutral,,,,,,,,
I couldn't get past the unbearable lighting. What a complete waste of potential.,Negative,,,,,,,,
A cinematic masterpiece. A must-watch for fans of the genre.,Negative,,,,,,,,
The CGI distracted me from everything else. Total garbage.,Negative,,,,,,,,
"I'm honestly still trying to process what I just saw. The first half was refreshing, but the ending was dull. It left me puzzled.",Negative,,,,,,,,
"Visually it's fine, but the screenplay is just passable. It serves its purpose as popcorn filler.",Neutral,,,,,,,,
I struggled to sit through the first half. Save your money and watch something else.,Negative,,,,,,,,
"The visuals were iconic, but the story was confusing. A strange experience overall.",Negative,,,,,,,,
"I am confused about how I feel. The acting was compelling, yet the CGI felt cheap. It’s definitely not for everyone.",Neutral,,,,,,,,
"It follows the standard formula without taking risks. Neither good nor bad, just exists.",Negative,,,,,,,,
"I have mixed feelings about this one. While the costume design was good, the rest felt mediocre. Acceptable, but forgettable.",Neutral,,,,,,,,
"It has some good moments, especially the lighting. Standard fare for this type of movie.",Negative,,,,,,,,
"The cinematography was mediocre, but nothing special. I walked in with low expectations and they were met.",Negative,,,,,,,,
"Simply put, this is cinema at its finest. A must-watch for fans of the genre.",Negative,,,,,,,,
"It’s a weird mix of brilliance and stupidity. While the editing shines, the rest is horrible. I think I need to watch it again to decide.",Neutral,,,,,,,,
"The acting is fine, but the final act is a bit generic. It was... fine.",Neutral,,,,,,,,
A strange experience overall. It’s definitely not for everyone.,Negative,,,,,,,,
"Ideally, this should have been great, but something was off. The acting was phenomenal, yet the cinematography felt tedious. It left me puzzled.",Neutral,,,,,,,,
It’s a weird mix of brilliance and stupidity. It’s definitely not for everyone.,Negative,,,,,,,,
I struggled to sit through the first half. Avoid this at all costs.,Negative,,,,,,,,
The lead actor delivered a memorable performance. An absolute joy to watch from start to finish.,Positive,,,,,,,,
A cinematic masterpiece. The lead actor delivered a touching performance. A must-watch for fans of the genre.,Positive,,,,,,,,
The screenplay was frankly pretentious. A frustrating experience.,Negative,,,,,,,,
"The pacing was okay, but forgettable. Middle of the road entertainment.",Neutral,,,,,,,,
I couldn't get past the disjointed lighting. I want my two hours back.,Negative,,,,,,,,
"It was a decent way to kill an afternoon. While the pacing was good, the rest felt passable. Wait for it to come out on streaming.",Neutral,,,,,,,,
This is a very difficult movie to categorize. A polarizing experience for sure.,Neutral,,,,,,,,
A refreshing take on a tired genre. It managed to be solid without trying too hard. Highly recommended for everyone.,Positive,,,,,,,,
"I'm honestly still trying to process what I just saw. The first half was gripping, but the ending was lazy. It’s definitely not for everyone.",Negative,,,,,,,,
"The visuals were stellar, but the story was wooden. I'm honestly still trying to process what I just saw.",Negative,,,,,,,,
"It was... fine. It has some good moments, especially the acting. Wait for it to come out on streaming.",Neutral,,,,,,,,
I particularly loved how the lighting was handled. A cinematic masterpiece.,Negative,,,,,,,,
"It perfectly balances humor and drama. Wow, just wow.",Positive,,,,,,,,
"It’s a weird mix of brilliance and stupidity. While the final act shines, the rest is horrible. I respect the ambition, even if it didn't fully land.",Neutral,,,,,,,,
Middle of the road entertainment. It doesn't leave a lasting impression. Wait for it to come out on streaming.,Neutral,,,,,,,,
"The lead actor delivered a flawless performance. Finally, a movie that respects the audience.",Positive,,,,,,,,
"While the final act shines, the rest is cringe-worthy. Ideally, this should have been great, but something was off.",Neutral,,,,,,,,
It relies too heavily on cheap tropes and lifeless writing. This might be the worst thing I've seen all year.,Negative,,,,,,,,
"I have mixed feelings about this one. The cinematography was adequate, but nothing special. If you're bored, give it a shot.",Negative,,,,,,,,
"This is a very difficult movie to categorize. The first half was phenomenal, but the ending was cheap. I respect the ambition, even if it didn't fully land.",Neutral,,,,,,,,
I couldn't get past the lifeless story arc. The trailer was better than the movie.,Negative,,,,,,,,
A frustrating experience. The soundtrack distracted me from everything else. A complete misfire.,Negative,,,,,,,,
I was completely blown away by this film. The opening scene was absolutely compelling. Don't miss this one.,Positive,,,,,,,,
A frustrating experience. I couldn't get past the wooden cinematography. I wouldn't recommend this to my worst enemy.,Negative,,,,,,,,
It follows the standard formula without taking risks. It was... fine.,Neutral,,,,,,,,
I was hooked from the very first minute. I particularly loved how the lighting was handled. A definitive 10/10.,Positive,,,,,,,,
"It’s not a masterpiece, but it’s not a disaster either. If you're bored, give it a shot.",Negative,,,,,,,,
"The acting was heartwarming, yet the story arc felt cringe-worthy. I'm honestly still trying to process what I just saw.",Negative,,,,,,,,
I walked in with low expectations and they were met. Wait for it to come out on streaming.,Negative,,,,,,,,
"It has some good moments, especially the cinematography. Neither good nor bad, just exists.",Negative,,,,,,,,
"It doesn't leave a lasting impression. Neither good nor bad, just exists.",Negative,,,,,,,,
"The story arc was frankly tedious. I tried to like it, I really did, but it failed.",Negative,,,,,,,,
"While the lighting was good, the rest felt average. It was a decent way to kill an afternoon.",Neutral,,,,,,,,
This movie is a triumph in every sense. I will be thinking about this for days.,Positive,,,,,,,,
"I tried to like it, I really did, but it failed. The pacing distracted me from everything else. It’s a hard pass from me.",Negative,,,,,,,,
"Wow, just wow. A must-watch for fans of the genre.",Positive,,,,,,,,
"I have mixed feelings about this one. The acting is fine, but the costume design is a bit watchable. Good for a one-time watch.",Neutral,,,,,,,,
"It serves its purpose as popcorn filler. It has some good moments, especially the lighting. If you're bored, give it a shot.",Negative,,,,,,,,
"A strange experience overall. While the CGI shines, the rest is cheap. It’s definitely not for everyone.",Neutral,,,,,,,,
"I was hooked from the very first minute. Every scene felt earned, and the pacing was delightful. Do yourself a favor and go see this.",Positive,,,,,,,,
"Neither good nor bad, just exists. Acceptable, but forgettable.",Neutral,,,,,,,,
An absolute joy to watch from start to finish. It managed to be phenomenal without trying too hard. I will be thinking about this for days.,Negative,,,,,,,,
A refreshing take on a tired genre. I can't wait to see it again.,Negative,,,,,,,,
I struggled to sit through the first half. Nothing about the direction worked. Do not bother.,Negative,,,,,,,,
I have never been so bored in my life. A complete misfire.,Negative,,,,,,,,
This movie is a triumph in every sense. The lead actor delivered a phenomenal performance. A must-watch for fans of the genre.,Positive,,,,,,,,
"A refreshing take on a tired genre. Every scene felt earned, and the lighting was solid. I can't wait to see it again.",Negative,,,,,,,,
"It serves its purpose as popcorn filler. The dialogue was standard, but nothing special. Acceptable, but forgettable.",Neutral,,,,,,,,
"While the character development shines, the rest is amateurish. Ideally, this should have been great, but something was off.",Neutral,,,,,,,,
I have mixed feelings about this one. Wait for it to come out on streaming.,Negative,,,,,,,,
"It’s a weird mix of brilliance and stupidity. I respect the ambition, even if it didn't fully land.",Negative,,,,,,,,
It managed to be phenomenal without trying too hard. I was completely blown away by this film.,Positive,,,,,,,,
"It was... fine. If you're bored, give it a shot.",Neutral,,,,,,,,
I was completely blown away by this film. It managed to be superb without trying too hard. Two thumbs way up.,Positive,,,,,,,,
"The score was frankly convoluted. I tried to like it, I really did, but it failed.",Negative,,,,,,,,
The CGI distracted me from everything else. The trailer was better than the movie.,Negative,,,,,,,,
An absolute train wreck of a movie. It felt like a rough draft that was never edited. I walked out halfway through.,Negative,,,,,,,,
I have mixed feelings about this one. Good for a one-time watch.,Negative,,,,,,,,
"The acting was solid, yet the opening scene felt pretentious. Ideally, this should have been great, but something was off.",Neutral,,,,,,,,
"Ideally, this should have been great, but something was off. It tries to be deep, but comes off as wooden despite the intense music. I respect the ambition, even if it didn't fully land.",Neutral,,,,,,,,
"I'm honestly still trying to process what I just saw. The visuals were flawless, but the story was amateurish. Your mileage may vary significantly.",Negative,,,,,,,,
"A strange experience overall. While the dialogue shines, the rest is disjointed. I respect the ambition, even if it didn't fully land.",Neutral,,,,,,,,
"Neither good nor bad, just exists. Wait for it to come out on streaming.",Negative,,,,,,,,
Standard fare for this type of movie. It doesn't leave a lasting impression. Good for a one-time watch.,Negative,,,,,,,,
"It serves its purpose as popcorn filler. It has some good moments, especially the direction. Wait for it to come out on streaming.",Negative,,,,,,,,
"It has some good moments, especially the story arc. Standard fare for this type of movie.",Negative,,,,,,,,
"Wow, just wow. The chemistry between the cast was refreshing. Two thumbs way up.",Positive,,,,,,,,
I want my two hours back. It’s a hard pass from me.,Negative,,,,,,,,
"The visuals were stellar, but the story was dull. It’s a weird mix of brilliance and stupidity.",Negative,,,,,,,,
"It’s a weird mix of brilliance and stupidity. While the final act shines, the rest is uninspired. I think I need to watch it again to decide.",Neutral,,,,,,,,
This might be the worst thing I've seen all year. I walked out halfway through.,Negative,,,,,,,,
This might be the worst thing I've seen all year. It relies too heavily on cheap tropes and tedious writing. Save your money and watch something else.,Neutral,,,,,,,,
Nothing about the cinematography worked. The trailer was better than the movie.,Negative,,,,,,,,
An absolute joy to watch from start to finish. It deserves all the awards it's getting.,Negative,,,,,,,,
"The acting is fine, but the cinematography is a bit generic. It’s not a masterpiece, but it’s not a disaster either.",Neutral,,,,,,,,
I walked in with low expectations and they were met. Good for a one-time watch.,Negative,,,,,,,,
The trailer was better than the movie. I wouldn't recommend this to my worst enemy.,Negative,,,,,,,,
A cinematic masterpiece. The editing was absolutely intense. A must-watch for fans of the genre.,Negative,,,,,,,,
I have never been so bored in my life. Zero stars if I could give it.,Negative,,,,,,,,
It was... fine. It doesn't leave a lasting impression. Good for a one-time watch.,Neutral,,,,,,,,
The lead actor delivered a gripping performance. I was hooked from the very first minute.,Positive,,,,,,,,
I walked in with low expectations and they were met. It is what it is.,Negative,,,,,,,,
"It has some good moments, especially the pacing. It’s not a masterpiece, but it’s not a disaster either.",Negative,,,,,,,,
It felt like a rough draft that was never edited. What a complete waste of potential.,Negative,,,,,,,,
The opening scene was frankly unbearable. Total garbage.,Negative,,,,,,,,
"The score was serviceable, but nothing special. Middle of the road entertainment.",Neutral,,,,,,,,
"I tried to like it, I really did, but it failed. The plot holes were glaring and the character development was convoluted. Save your money and watch something else.",Negative,,,,,,,,
"I oscillated between loving and hating this film. While the screenplay shines, the rest is dull. It left me puzzled.",Neutral,,,,,,,,
"It managed to be breathtaking without trying too hard. Finally, a movie that respects the audience.",Negative,,,,,,,,
"Simply put, this is cinema at its finest. I can't wait to see it again.",Negative,,,,,,,,
The trailer was better than the movie. Do not bother.,Negative,,,,,,,,
An absolute joy to watch from start to finish. The lead actor delivered a iconic performance. It deserves all the awards it's getting.,Positive,,,,,,,,
An absolute train wreck of a movie. The story arc distracted me from everything else. I wouldn't recommend this to my worst enemy.,Negative,,,,,,,,
"Ideally, this should have been great, but something was off. A polarizing experience for sure.",Neutral,,,,,,,,
"This is a very difficult movie to categorize. The acting was phenomenal, yet the direction felt convoluted. A polarizing experience for sure.",Neutral,,,,,,,,
"The visuals were delightful, but the story was cringe-worthy. I am confused about how I feel.",Neutral,,,,,,,,
I was hooked from the very first minute. It perfectly balances humor and drama. It deserves all the awards it's getting.,Positive,,,,,,,,
An absolute train wreck of a movie. A complete misfire.,Negative,,,,,,,,
The trailer was better than the movie. The costume design was frankly lazy. It’s a hard pass from me.,Negative,,,,,,,,
It relies too heavily on cheap tropes and clichéd writing. An absolute train wreck of a movie.,Negative,,,,,,,,
I walked in with low expectations and they were met. It follows the standard formula without taking risks. You won't remember it a week from now.,Negative,,,,,,,,
"Wow, just wow. The chemistry between the cast was refreshing. A must-watch for fans of the genre.",Positive,,,,,,,,
I want my two hours back. Zero stars if I could give it.,Negative,,,,,,,,
"The soundtrack was decent, but nothing special. It was... fine.",Neutral,,,,,,,,
An absolute joy to watch from start to finish. I can't wait to see it again.,Negative,,,,,,,,
An absolute train wreck of a movie. Utterly disappointing.,Negative,,,,,,,,
Total garbage. I walked out halfway through.,Negative,,,,,,,,
"The chemistry between the cast was gripping. Simply put, this is cinema at its finest.",Negative,,,,,,,,
I struggled to sit through the first half. It felt like a rough draft that was never edited. Avoid this at all costs.,Negative,,,,,,,,
"It’s not a masterpiece, but it’s not a disaster either. Good for a one-time watch.",Negative,,,,,,,,
"I tried to like it, I really did, but it failed. The final act distracted me from everything else. Zero stars if I could give it.",Negative,,,,,,,,
I was hooked from the very first minute. It deserves all the awards it's getting.,Positive,,,,,,,,
It relies too heavily on cheap tropes and dull writing. An absolute train wreck of a movie.,Negative,,,,,,,,
"Neither good nor bad, just exists. If you're bored, give it a shot.",Negative,,,,,,,,
The visual effects were masterful and added so much depth. I didn't expect to enjoy this as much as I did.,Positive,,,,,,,,
This might be the worst thing I've seen all year. The plot holes were glaring and the score was dull. Do not bother.,Negative,,,,,,,,
The score distracted me from everything else. This might be the worst thing I've seen all year.,Negative,,,,,,,,
I struggled to sit through the first half. Zero stars if I could give it.,Negative,,,,,,,,
"Middle of the road entertainment. Visually it's fine, but the lighting is just generic. Good for a one-time watch.",Neutral,,,,,,,,
I'm honestly still trying to process what I just saw. I think I need to watch it again to decide.,Negative,,,,,,,,
Total garbage. Do not bother.,Negative,,,,,,,,
I was hooked from the very first minute. Do yourself a favor and go see this.,Positive,,,,,,,,
A cinematic masterpiece. Do yourself a favor and go see this.,Negative,,,,,,,,
"Finally, a movie that respects the audience. The chemistry between the cast was iconic. It deserves all the awards it's getting.",Negative,,,,,,,,
"Ideally, this should have been great, but something was off. It left me puzzled.",Neutral,,,,,,,,
"Ideally, this should have been great, but something was off. While the cinematography shines, the rest is lazy. Your mileage may vary significantly.",Neutral,,,,,,,,
"I am confused about how I feel. While the direction shines, the rest is cringe-worthy. It’s definitely not for everyone.",Neutral,,,,,,,,
This movie is a triumph in every sense. Don't miss this one.,Positive,,,,,,,,
"The acting was intense, yet the screenplay felt unbearable. I'm honestly still trying to process what I just saw.",Negative,,,,,,,,
It relies too heavily on cheap tropes and disjointed writing. An absolute train wreck of a movie.,Negative,,,,,,,,
It managed to be breathtaking without trying too hard. I was completely blown away by this film.,Positive,,,,,,,,
"The visuals were stellar, but the story was cringe-worthy. I am confused about how I feel.",Neutral,,,,,,,,
"It felt like a rough draft that was never edited. I tried to like it, I really did, but it failed.",Negative,,,,,,,,
It follows the standard formula without taking risks. I have mixed feelings about this one.,Negative,,,,,,,,
"It tries to be deep, but comes off as lifeless despite the solid music. I'm honestly still trying to process what I just saw.",Negative,,,,,,,,
I want my two hours back. It relies too heavily on cheap tropes and horrible writing. Utterly disappointing.,Negative,,,,,,,,
"Finally, a movie that respects the audience. It managed to be breathtaking without trying too hard. I can't wait to see it again.",Negative,,,,,,,,
"Standard fare for this type of movie. The acting is fine, but the lighting is a bit decent. 6/10 at best.",Neutral,,,,,,,,
It serves its purpose as popcorn filler. It doesn't leave a lasting impression. 6/10 at best.,Negative,,,,,,,,
I struggled to sit through the first half. Do not bother.,Negative,,,,,,,,
I walked in with low expectations and they were met. You won't remember it a week from now.,Negative,,,,,,,,
"It was... fine. It has some good moments, especially the costume design. 6/10 at best.",Neutral,,,,,,,,
A refreshing take on a tired genre. Highly recommended for everyone.,Positive,,,,,,,,
"I oscillated between loving and hating this film. It tries to be deep, but comes off as jarring despite the breathtaking music. It left me puzzled.",Neutral,,,,,,,,
"It tries to be deep, but comes off as nonsensical despite the stunning music. A strange experience overall.",Negative,,,,,,,,
"While the pacing was good, the rest felt adequate. Middle of the road entertainment.",Neutral,,,,,,,,
"The acting is fine, but the story arc is a bit adequate. It was a decent way to kill an afternoon.",Neutral,,,,,,,,
"The character development was decent, but nothing special. It’s not a masterpiece, but it’s not a disaster either.",Negative,,,,,,,,
"Standard fare for this type of movie. While the opening scene was good, the rest felt mediocre. Acceptable, but forgettable.",Neutral,,,,,,,,
The trailer was better than the movie. The cinematography distracted me from everything else. A complete misfire.,Negative,,,,,,,,
"It tries to be deep, but comes off as amateurish despite the vibrant music. I oscillated between loving and hating this film.",Neutral,,,,,,,,
"The acting was vibrant, yet the acting felt confusing. I'm honestly still trying to process what I just saw.",Negative,,,,,,,,
"It serves its purpose as popcorn filler. Visually it's fine, but the acting is just average. It is what it is.",Neutral,,,,,,,,
This might be the worst thing I've seen all year. The story arc was frankly tedious. I wouldn't recommend this to my worst enemy.,Negative,,,,,,,,
Total garbage. Save your money and watch something else.,Negative,,,,,,,,
"I have mixed feelings about this one. The acting is fine, but the opening scene is a bit generic. It’s okay if you have nothing else to do.",Neutral,,,,,,,,
I'm honestly still trying to process what I just saw. It left me puzzled.,Negative,,,,,,,,
"I oscillated between loving and hating this film. The acting was compelling, yet the final act felt disjointed. I respect the ambition, even if it didn't fully land.",Neutral,,,,,,,,
"I oscillated between loving and hating this film. The visuals were vibrant, but the story was amateurish. I respect the ambition, even if it didn't fully land.",Neutral,,,,,,,,
A refreshing take on a tired genre. A definitive 10/10.,Negative,,,,,,,,
"The acting was expertly crafted, yet the story arc felt lifeless. It’s a weird mix of brilliance and stupidity.",Negative,,,,,,,,
"The visuals were delightful, but the story was cheap. I oscillated between loving and hating this film.",Neutral,,,,,,,,
"While the character development was good, the rest felt generic. Standard fare for this type of movie.",Neutral,,,,,,,,
Nothing about the direction worked. What a complete waste of potential.,Negative,,,,,,,,
"It has some good moments, especially the cinematography. I have mixed feelings about this one.",Negative,,,,,,,,
"The chemistry between the cast was stellar. Simply put, this is cinema at its finest.",Negative,,,,,,,,
"Great concept, but the execution was wooden. A strange experience overall.",Neutral,,,,,,,,
I walked in with low expectations and they were met. It’s okay if you have nothing else to do.,Neutral,,,,,,,,
"I tried to like it, I really did, but it failed. Save your money and watch something else.",Negative,,,,,,,,
"While the editing shines, the rest is lifeless. This is a very difficult movie to categorize.",Neutral,,,,,,,,
I was completely blown away by this film. A definitive 10/10.,Positive,,,,,,,,
"Finally, a movie that respects the audience. I particularly loved how the costume design was handled. Do yourself a favor and go see this.",Negative,,,,,,,,
The screenplay distracted me from everything else. I struggled to sit through the first half.,Negative,,,,,,,,
It doesn't leave a lasting impression. It was... fine.,Neutral,,,,,,,,
This might be the worst thing I've seen all year. The plot holes were glaring and the score was lazy. Zero stars if I could give it.,Negative,,,,,,,,
"Neither good nor bad, just exists. It is what it is.",Negative,,,,,,,,
The lead actor delivered a heartwarming performance. A cinematic masterpiece.,Positive,,,,,,,,
"The pacing was absolutely touching. Wow, just wow.",Positive,,,,,,,,
A frustrating experience. The plot holes were glaring and the dialogue was tedious. Utterly disappointing.,Negative,,,,,,,,
This movie live a triumph in every sense . Highly recommended for everyone .,Positive,,,,,,,,
This film is a triumph in every sense. Highly recommended for all.,Positive,,,,,,,,
I was completely brag away by this film . The lead actor delivered a refreshing performance . I will beryllium thinking about this for days .,Positive,,,,,,,,
I was completely enthralled by this film. The lead actor gave a refreshing performance. I will be thinking about this for days.,Positive,,,,,,,,
information technology perfectly balances humor and drama . atomic number 53 was hooked from the very first minute .,Positive,,,,,,,,
It balances comedy and drama perfectly. I was hooked from the first minute.,Positive,,,,,,,,
"Simply put , this is cinema at IT o.k. . The chemistry between the cast was superb . Do n't miss this one .",Positive,,,,,,,,
"Simply put, this is cinema at its peak. The chemistry between the actors was fantastic. Don't miss it.",Positive,,,,,,,,
"Wow , just wow . Every scene felt make , and the costume design was masterful . 2 thumbs way up .",Positive,,,,,,,,
"Wow, just wow. Every scene felt earned, and the costume design was excellent. Two thumbs up.",Positive,,,,,,,,
ane did n't expect to enjoy this as much deoxyadenosine monophosphate I did . I particularly loved how the cinematography was manage . Do n't miss this one .,Positive,,,,,,,,
I didn't expect to enjoy it so much. I especially liked how the cinematography was handled. Don't miss it.,Positive,,,,,,,,
I did n't expect to delight this amp much equally I did . It perfectly balances humor and drama . Do yourself a favor and go see this .,Positive,,,,,,,,
I didn't expect to enjoy it so much. It balances comedy and drama perfectly. Do yourself a favor and go see it.,Positive,,,,,,,,
The visual effects equal superb and added so much depth . This movie is group A triumph in every sense .,Positive,,,,,,,,
The visual effects were spectacular and had a lot of depth. This film is a triumph in every sense.,Positive,,,,,,,,
"Wow , just wow . It utterly balances humor and drama . angstrom unit must-watch for fans of the genre .",Positive,,,,,,,,
"Wow, just wow. It balances comedy and drama perfectly. A must-watch for fans of the genre.",Positive,,,,,,,,
A refreshing take on a tired genre . behave n't miss this one .,Positive,,,,,,,,
A refreshing take on a tired genre. Don't miss it.,Positive,,,,,,,,
It dead balances humor and drama . This movie is a triumph in every sense .,Positive,,,,,,,,
It balances comedy and drama perfectly. This film is a triumph in every sense.,Positive,,,,,,,,
"Every scene felt earned , and the opening scene follow heartwarming . A cinematic masterpiece .",Positive,,,,,,,,
Every scene felt earned and the opening scene was heart-touching. A cinematic masterpiece.,Positive,,,,,,,,
"Wow , just wow . I particularly loved how the pacing was handled . deoxyadenosine monophosphate must-watch for fans of the genre .",Positive,,,,,,,,
"Wow, just wow. I especially liked how the speed was controlled. A must-watch for fans of the genre.",Positive,,,,,,,,
This film is a triumph in every good sense . The ocular effects were refreshing and added so much depth . A definitive 10/10 .,Positive,,,,,,,,
This film is a triumph in every sense. The visual effects were fresh and had a lot of depth. A definite 10/10.,Positive,,,,,,,,
An absolute joy to watch from take off to finish . Two thumbs way up .,Positive,,,,,,,,
An absolute joy to watch from beginning to end. Two thumbs up.,Positive,,,,,,,,
"Finally , a movie that respects the audience . II thumbs way up .",Positive,,,,,,,,
"Ultimately, a film that respects the audience. Two thumbs up.",Positive,,,,,,,,
I was totally blown away by this film . Do n't miss this one .,Positive,,,,,,,,
I was completely enthralled by this film. Don't miss it.,Positive,,,,,,,,
"Finally , a movie that respects the interview . The result actor delivered antiophthalmic factor flawless performance . It deserves all the awards it 's getting .",Positive,,,,,,,,
"Ultimately, a film that respects the audience. The lead actor did a great job. It deserves all the awards it gets.",Positive,,,,,,,,
"It managed to be flawless without trying too strong . Finally , a movie that respects the audience .",Positive,,,,,,,,
"It managed to be flawless without trying too hard. Ultimately, a film that respects the audience.",Positive,,,,,,,,
It perfectly equipoise humor and drama . I follow completely blown away by this film .,Positive,,,,,,,,
It balances comedy and drama perfectly. I was completely enthralled by this film.,Positive,,,,,,,,
A cinematic masterpiece . The visual effects were superb and added so lots depth . Do yourself a favor and pass away see this .,Positive,,,,,,,,
A cinematic masterpiece. The visual effects were spectacular and had a lot of depth. Do yourself a favor and go see it.,Positive,,,,,,,,
ane did n't expect to enjoy this as much as I did . Highly recommended for everyone .,Positive,,,,,,,,
I didn't expect to enjoy it so much. Highly recommended for all.,Positive,,,,,,,,
Standard fare for this type of motion-picture show . Good for a one-time watch .,Positive,,,,,,,,
Standard fare for this type of movie. Nice to see once.,Positive,,,,,,,,
An out-and-out joy to watch from start to finish . Highly recommended for everyone .,Positive,,,,,,,,
An absolute joy to watch from beginning to end. Highly recommended for all.,Positive,,,,,,,,
This movie is a triumph in every sense . The lead histrion delivered a memorable performance . Do n't miss this unitary .,Positive,,,,,,,,
This film is a triumph in every sense. The lead actor gave a memorable performance. Don't miss it.,Positive,,,,,,,,
A cinematic masterpiece . The lead actor delivered a gripping performance . I will cost thinking about this for days .,Positive,,,,,,,,
A cinematic masterpiece. The lead actor gave an entertaining performance. I will be thinking about this for days.,Positive,,,,,,,,
I was hooked from the very first minute . information technology managed to be vibrant without hear too hard . I ca n't wait to see it again .,Positive,,,,,,,,
I was hooked from the first minute. It managed to come alive without trying too hard. I can't wait to see it again.,Positive,,,,,,,,
I was hooked from the very first minute . one ca n't wait to see it again .,Positive,,,,,,,,
I was hooked from the first minute. I can't wait to see it again.,Positive,,,,,,,,
The visual effects were delightful and added so a great deal depth . I was hooked from the very first minute .,Positive,,,,,,,,
The visual effects were enjoyable and added a lot of depth. I was hooked from the first minute.,Positive,,,,,,,,
"The lead actor delivered a delightful carrying out . Wow , just wow .",Positive,,,,,,,,
"The lead actor gave a captivating performance. Wow, just wow.",Positive,,,,,,,,
This movie is a jubilate in every gumption . The costume design was absolutely flawless . Do yourself angstrom unit favor and go see this .,Positive,,,,,,,,
This film is a triumph in every sense. The design of the dress was absolutely flawless. Do yourself a favor and go see it.,Positive,,,,,,,,
The visual effects represent astral and added so much depth . I was hooked from the very first minute .,Positive,,,,,,,,
The visual effects were spectacular and had a lot of depth. I was hooked from the first minute.,Positive,,,,,,,,
"The dialogue was absolutely phenomenal . Wow , exactly wow .",Positive,,,,,,,,
"The communication was absolutely amazing. Wow, just wow.",Positive,,,,,,,,
The lead role player delivered a memorable functioning . An absolute joy to watch from start to finish .,Positive,,,,,,,,
The lead actor gave a memorable performance. An absolute joy to watch from beginning to end.,Positive,,,,,,,,
A cinematic masterpiece . The lead actor delivered a bear on performance . A must-watch for fans of the genre .,Positive,,,,,,,,
A cinematic masterpiece. The lead actor gave a touching performance. A must-watch for fans of the genre.,Positive,,,,,,,,
antiophthalmic factor refreshing take along a tired genre . It managed to be solid without trying too hard . Highly commend for everyone .,Positive,,,,,,,,
A refreshing take on a tired genre. It managed to be solid without much effort. Highly recommended for all.,Positive,,,,,,,,
"It absolutely balances humor and drama . Wow , just wow .",Positive,,,,,,,,
"It balances comedy and drama perfectly. Wow, just wow.",Positive,,,,,,,,
"The lead worker delivered a flawless execution . Finally , a movie that respects the audience .",Positive,,,,,,,,
"The lead actor did a great job. Ultimately, a film that respects the audience.",Positive,,,,,,,,
I was completely enthralled by this film. The opening scene was absolutely mesmerizing. Don't miss it.,Positive,,,,,,,,
I was hooked from the really first minute . I particularly loved how the lighting was handled . antiophthalmic factor definitive 10/10 .,Positive,,,,,,,,
I was hooked from the first minute. I especially liked how the lighting was handled. A definite 10/10.,Positive,,,,,,,,
This movie is a triumph in every sense . I bequeath be thinking about this for days .,Positive,,,,,,,,
This film is a triumph in every sense. I will be thinking about this for days.,Positive,,,,,,,,
"Wow , just belly laugh . A must-watch for fans of the genre .",Positive,,,,,,,,
"I was hooked from the rattling first minute . Every scene felt earned , and the pacing was delightful . bash yourself a favor and go see this .",Positive,,,,,,,,
"I was hooked from the first minute. Every scene felt earned, and the pacing was delightful. Do yourself a favor and go see it.",Positive,,,,,,,,
This movie is a triumph in every sense . The lead worker delivered a phenomenal performance . deoxyadenosine monophosphate must-watch for fans of the genre .,Positive,,,,,,,,
This film is a triumph in every sense. The lead actor gave an amazing performance. A must-watch for fans of the genre.,Positive,,,,,,,,
It managed to be phenomenal without trying too hard . atomic number 53 was wholly blown away by this film .,Positive,,,,,,,,
It managed to be phenomenal without trying too hard. I was completely enthralled by this film.,Positive,,,,,,,,
I was whole blown away by this movie . It managed to be superb without trying too hard . Two thumbs style up .,Positive,,,,,,,,
I was completely enthralled by this film. It managed to be great without trying too hard. Two thumbs up.,Positive,,,,,,,,
"Wow , equitable wow . The chemistry between the cast was refreshing . Two thumbs way astir .",Positive,,,,,,,,
"Wow, just wow. The chemistry between the actors was refreshing. Two thumbs up.",Positive,,,,,,,,
The lead histrion delivered a gripping performance . I was hooked from the very first hour .,Positive,,,,,,,,
The lead actor gave an entertaining performance. I was hooked from the first minute.,Positive,,,,,,,,
An absolute joy to watch from start to cease . The lead actor delivered a iconic performance . It merit all the awards it 's getting .,Positive,,,,,,,,
An absolute joy to watch from beginning to end. The lead actor gave an iconic performance. It deserves all the awards it gets.,Positive,,,,,,,,
I was hooked from the very foremost minute . It utterly balances humor and drama . It deserves all the awards it 's getting .,Positive,,,,,,,,
I was hooked from the first minute. It balances comedy and drama perfectly. It deserves all the awards it gets.,Positive,,,,,,,,
"Wow , just wow . The chemistry between the puke was refreshing . A must-watch for fans of the genre .",Positive,,,,,,,,
"Wow, just wow. The chemistry between the actors was refreshing. A must-watch for fans of the genre.",Positive,,,,,,,,
I be hooked from the very first infinitesimal . It deserves all the awards it 's getting .,Positive,,,,,,,,
I was hooked from the first minute. It deserves all the awards it gets.,Positive,,,,,,,,
The visual set up were masterful and added so much depth . 1 did n't expect to enjoy this as much as I did .,Positive,,,,,,,,
The visual effects were excellent and had a lot of depth. I didn't expect to enjoy it so much.,Positive,,,,,,,,
atomic number 53 be hooked from the very first minute . Do yourself a favor and go see this .,Positive,,,,,,,,
I was hooked from the first minute. Do yourself a favor and go see it.,Positive,,,,,,,,
This picture is a triumph in every sense . Do n't miss this one .,Positive,,,,,,,,
This film is a triumph in every sense. Don't miss it.,Positive,,,,,,,,
It managed to be breathtaking without trying too hard . I Washington completely blown away by this film .,Positive,,,,,,,,
It managed to be breathtaking without trying too hard. I was completely enthralled by this film.,Positive,,,,,,,,
A refreshing take along a tired genre . Highly recommended for everyone .,Positive,,,,,,,,
A refreshing take on a tired genre. Highly recommended for all.,Positive,,,,,,,,
I was completely blown away by this shoot . A definitive 10/10 .,Positive,,,,,,,,
I was completely enthralled by this film. A definite 10/10.,Positive,,,,,,,,
The lead actor gave a heart-touching performance. A cinematic masterpiece.,Positive,,,,,,,,
"The pacing cost absolutely touching . Wow , just wow .",Positive,,,,,,,,
"The pace was absolutely poignant. Wow, just wow.",Positive,,,,,,,,
"A visual masterpiece with a compelling narrative. The acting is superb, and the score elevates every scene. A must-see!",,Positive,Blade Runner 2049,,,,,,
"This film completely exceeded my expectations! The humor is sharp, the action is thrilling, and the characters are incredibly relatable.",,Positive,Guardians of the Galaxy,,,,,,
"The story is predictable, and the special effects look cheap. I've seen better acting in a high school play.",,Negative,Sharknado 6,,,,,,
"An absolute gem! The director's vision is clear, and the actors bring their roles to life with passion and conviction. A true cinematic experience.",,Positive,Amelie,,,,,,
I struggled to stay awake through this one. The plot is convoluted and the pacing is glacial. Not recommended.,,Negative,The English Patient,,,,,,
"While the visuals were stunning, the story felt a bit hollow. I was expecting more depth from the characters and the overall message.",,Neutral,Avatar,,,,,,
"Innovative, daring, and unforgettable. This movie pushes boundaries and explores complex themes in a way that will leave you speechless.",,Positive,Arrival,,,,,,
"A feel-good movie that will warm your heart. The performances are charming, and the story is both uplifting and inspiring. Perfect for a family night.",,Positive,Paddington,,,,,,
"Utterly ridiculous and poorly written. The dialogue is cringeworthy, and the plot makes no sense. A complete waste of time.",,Negative,Troll 2,,,,,,
"This movie had potential, but it ultimately fell flat. The pacing was inconsistent, and the ending felt rushed and unsatisfying.",,Neutral,Eternals,,,,,,
"Visually stunning and emotionally resonant. The story is beautifully told, and the performances are simply incredible. A masterpiece of cinema.",,Positive,Spirited Away,,,,,,
"The worst movie I've seen in years. The acting is atrocious, the script is nonsensical, and the direction is amateurish. Avoid at all costs!",,Negative,Plan 9 from Outer Space,,,,,,
"Charming and delightful! This movie is a perfect blend of humor, romance, and adventure. Highly recommended for anyone looking for a fun escape.",,Positive,The Princess Bride,,,,,,
Entertaining and thought-provoking. This movie raises important questions about society and challenges our perceptions of reality. A must-see for anyone who enjoys intellectual cinema.,,Positive,Ex Machina,,,,,,
"I found this film to be quite boring, even with all the hype behind it.",,Negative,Tenet,,,,,,
"The film was okay, but not life-changing. I enjoyed it but probably would not watch it again.",,Neutral,The Martian,,,,,,
"Everything about this movie just works, great soundtrack, awesome fight scenes and great dialogue.",,Positive,John Wick,,,,,,
The acting felt phoned in and the plot uninspired.,,Negative,Cats,,,,,,
I walked out on this film. It was absolutely terrible. Don't waste your money!,,Negative,After Earth,,,,,,
"Hilarious, heartfelt, and utterly charming. This movie is a joy to watch from beginning to end. A true crowd-pleaser!",,Positive,Chef,,,,,,
"A cinematic masterpiece! The visuals are stunning, and the story is incredibly engaging.",,Positive,Blade Runner 2049,,,,,,
"Absolutely dreadful. The acting was wooden, and the plot made no sense whatsoever.",,Negative,Plan 9 from Outer Space,,,,,,
"The movie had its moments, but overall, it was pretty forgettable.",,Neutral,Eternals,,,,,,
"An instant classic! The dialogue is sharp, and the characters are unforgettable.",,Positive,Pulp Fiction,,,,,,
"I regret wasting my time on this. The special effects were laughably bad, and the pacing was terrible.",,Negative,Cats,,,,,,
"This film is a work of art. The direction is masterful, and the performances are breathtaking.",,Positive,Portrait of a Lady on Fire,,,,,,
Utterly disappointing. This sequel fails to capture the magic of the original.,,Negative,The Matrix Resurrections,,,,,,
A truly captivating film. The story is both heartwarming and thought-provoking.,,Positive,Paddington 2,,,,,,
"The film was mediocre. Good on direction, bad script.",,Neutral,Tenet,,,,,,
A hilarious and heartwarming film that will leave you smiling from ear to ear.,,Positive,The Princess Bride,,,,,,
"This movie is a complete waste of time. The plot is convoluted, and the characters are unlikeable.",,Negative,Batman & Robin,,,,,,
A mesmerizing and visually stunning film that is a feast for the eyes.,,Positive,Spirited Away,,,,,,
"I couldn't even finish it. The acting was atrocious, and the script was even worse.",,Negative,Troll 2,,,,,,
"This film is an absolute gem. The story is unique, and the characters are so well-developed.",,Positive,Everything Everywhere All at Once,,,,,,
A truly awful movie. Terrible direction and horrible attempts at humour.,,Negative,Disaster Movie,,,,,,
"The movie did fine and it had some moments, but I won't remember watching this film anytime soon.",,Neutral,Ant-Man and the Wasp: Quantumania,,,,,,
"An amazing and emotional film. The story is a gripping one, the characters are memorable and the soundtrack is outstanding.",,Positive,Interstellar,,,,,,
"From start to finish, it was a painful experience of bad acting.",,Negative,Foodfight!,,,,,,
An exhilarating experience and a definite must see. Incredible story-telling!,,Positive,Mad Max: Fury Road,,,,,,
A brilliant and thrilling experience that will keep you on the edge of your seat. Fantastic acting and pacing.,,Positive,The Silence of the Lambs,,,,,,
A stunning visual masterpiece with a captivating story. I was on the edge of my seat the entire time!,,Positive,Dune,,,,,,
"An absolute train wreck. The plot was nonsensical, the acting wooden, and the special effects looked like they were made in someone's basement.",,Negative,Plan 9 from Outer Space,,,,,,
"I went in with high hopes, but I was ultimately disappointed. The pacing was off and the characters were underdeveloped.",,Negative,Eternals,,,,,,
The acting and cinematography were both top-notch. It's a feel-good movie that leaves you with a smile.,,Positive,Paddington 2,,,,,,
"This movie had potential, but it squandered it with a predictable plot and lackluster execution.",,Negative,The Purge: Anarchy,,,,,,
"I laughed, I cried, I cheered. This movie is a true gem and a must-see for everyone.",,Positive,Everything Everywhere All at Once,,,,,,
A beautifully crafted film with stunning visuals and a powerful message. Highly recommended!,,Positive,Spirited Away,,,,,,
"Utterly forgettable. I can barely remember anything about it, which says it all.",,Negative,The Invisible Man Returns,,,,,,
"While technically proficient, the film lacked any real emotional resonance. I found it rather hollow.",,Neutral,Arrival,,,,,,
A heartwarming and hilarious movie that is fun for the whole family.,,Positive,Toy Story,,,,,,
"The script was clunky, the direction was amateurish, and the acting was atrocious. Avoid at all costs.",,Negative,Troll 2,,,,,,
The twist ending was predictable and ruined what could have been an interesting story.,,Negative,Old,,,,,,
"A cinematic triumph! The story, the acting, the visuals – everything was perfect.",,Positive,The Shawshank Redemption,,,,,,
"The film was decent enough. Some parts were interesting, others were not.",,Neutral,Tenet,,,,,,
"This movie is a pure joy. The animation is stunning, the music is catchy, and the story is heartwarming.",,Positive,Encanto,,,,,,
"A truly horrible movie. The actors looked miserable, and so did I.",,Negative,Cats,,,,,,
"A classic for a reason! The script is clever, the acting is brilliant, and the direction is masterful.",,Positive,Casablanca,,,,,,
"It had some interesting ideas, I am not sure though if they were ultimately successful.",,Neutral,Interstellar,,,,,,
This film exceeded all my expectations! A must-see for any film buff.,,Positive,Citizen Kane,,,,,,
I was bored from start to finish. The plot was uninspired and I was unable to connect to any of the characters.,,Negative,Jupiter Ascending,,,,,,
"A stunning visual masterpiece with a compelling narrative that kept me glued to the screen. The acting was superb, and the direction was flawless.",,Positive,Blade Runner 2049,,,,,,
"What a waste of time and money. The plot was convoluted and nonsensical, and the special effects looked like they were made in the 90s.",,Negative,Jupiter Ascending,,,,,,
This film is a cinematic treasure! The heartwarming story and unforgettable characters will stay with you long after the credits roll.,,Positive,Paddington 2,,,,,,
"I found the movie to be quite average. The story was predictable, and the characters were underdeveloped.",,Neutral,Eternals,,,,,,
"Absolutely dreadful. The dialogue was atrocious, the acting was wooden, and the plot was so bad it made me cringe.",,Negative,Cats,,,,,,
A powerful and moving film that explores complex themes with grace and sensitivity. A must-see for anyone who appreciates meaningful cinema.,,Positive,Moonlight,,,,,,
"This movie was a delightful surprise! The humor was spot-on, and the characters were so endearing. I can't wait to watch it again.",,Positive,The Grand Budapest Hotel,,,,,,
I was utterly disappointed. The film dragged on forever and offered nothing new or exciting. A complete snooze-fest.,,Negative,Batman & Robin,,,,,,
"A genuine work of art. The visuals were breathtaking, the music was sublime, and the story was deeply affecting. A true masterpiece.",,Positive,Spirited Away,,,,,,
"The movie was alright. It had some good moments, but overall it was just okay.",,Neutral,Venom,,,,,,
"This film is an absolute joke. From the terrible script to the laughable acting, it's a complete train wreck.",,Negative,Troll 2,,,,,,
"A thrilling and suspenseful ride from beginning to end. The plot twists were unexpected, and the performances were outstanding.",,Positive,Prisoners,,,,,,
"The film was neither good nor bad, just ultimately unmemorable.",,Neutral,Black Adam,,,,,,
"A cinematic gem that shines with originality and wit. The script is brilliant, the acting is flawless, and the direction is masterful.",,Positive,Everything Everywhere All at Once,,,,,,
"This movie is a catastrophe. The plot makes no sense, the characters are annoying, and the special effects are laughable.",,Negative,Plan 9 from Outer Space,,,,,,
"A truly unforgettable experience. The film is beautifully crafted, emotionally resonant, and intellectually stimulating.",,Positive,Arrival,,,,,,
"I wanted to like this movie, but it was just a bad pastiche of better films and could not make up its own mind of what it was trying to achieve.",,Negative,Morbius,,,,,,
"The movie was okay for what it was, just very bland and forgettable in parts.",,Positive,Dungeons & Dragons: Honor Among Thieves,,,,,,
This film is a triumph of storytelling. It keeps your attention and is absolutely thrilling from beginning to end.,,Positive,Mad Max: Fury Road,,,,,,
The worst film I have seen in years. It managed to mangle the source material to an unwatchable degree.,,Negative,Dragonball Evolution,,,,,,
"A visual masterpiece with a compelling story. The acting was superb, and the special effects were groundbreaking.",,Positive,Avatar,,,,,,
"Absolutely dreadful. The plot was convoluted, the acting was wooden, and the direction was amateurish. A complete waste of time.",,Negative,Plan 9 from Outer Space,,,,,,
"The movie was decent, a good way to pass the time but not something I would watch again.",,Neutral,Tenet,,,,,,
I was on the edge of my seat the entire time! A thrilling ride with unexpected twists and turns. Highly recommended for action fans.,,Positive,Mad Max: Fury Road,,,,,,
"The dialogue was cheesy, the characters were unlikable, and the ending made no sense. One of the worst movies I've ever seen.",,Negative,Troll 2,,,,,,
"A charming and heartwarming tale that will leave you feeling good. The performances were excellent, and the story was beautifully told.",,Positive,Paddington 2,,,,,,
"The plot dragged on forever, and the resolution felt incredibly rushed. I don't understand what all the hype was about.",,Negative,Interstellar,,,,,,
"What a delightful surprise! This film is funny, clever, and full of heart. A must-see for everyone.",,Positive,Spider-Man: Into the Spider-Verse,,,,,,
"I found the movie to be quite mediocre. It wasn't particularly bad, but it wasn't particularly good either. Just average.",,Neutral,Arrival,,,,,,
"A true cinematic achievement. The direction, acting, and screenplay are all top-notch. This film will stay with you long after the credits roll.",,Positive,Casablanca,,,,,,
"Predictable, boring, and poorly acted. This movie is a complete disaster from start to finish.",,Negative,Cats,,,,,,
This film exceeded all expectations. A truly original and unforgettable experience. I cannot recommend it enough.,,Positive,Everything Everywhere All at Once,,,,,,
I appreciated the aesthetic but felt the plot failed to deliver the potential it had.,,Neutral,Dune,,,,,,
An instant classic! This movie is a masterpiece of storytelling and filmmaking. Prepare to be amazed.,,Positive,The Shawshank Redemption,,,,,,
"I couldn't even finish watching. The plot was disjointed, the characters were annoying, and the whole thing felt incredibly amateurish. ",,Negative,Birdemic: Shock and Terror,,,,,,
"From start to finish, an imaginative, intelligent, and highly original cinematic adventure that will leave you breathless. ",,Positive,Spirited Away,,,,,,
"Absolutely nothing redeemed this movie. The plot, the acting, the effects, everything was terrible. I wish I could unsee it. ",,Negative,Foodfight!,,,,,,
A brilliantly told story with memorable characters and an important message. A perfect movie.,,Positive,Schindler's List,,,,,,
I struggled watching this film even until the midpoint. The dialogue was insufferable and the plot completely failed to grab my attention.,,Negative,Batman and Robin,,,,,,
"This has become one of my all time favorite films because of the pure creativity and imaginative scenes. The story is excellent, too!",,Positive,The Grand Budapest Hotel,,,,,,
"A dazzling visual spectacle with a compelling narrative. The acting is superb, and the world-building is phenomenal. A must-see!",,Positive,Dune,,,,,,
"This movie is an absolute train wreck. The plot is nonsensical, the acting is atrocious, and the special effects look like they were made in the 90s. Avoid at all costs.",,Negative,Plan 9 from Outer Space,,,,,,
"The film was decent; it had some good moments and some forgettable ones. Overall, a mediocre experience.",,Neutral,Tenet,,,,,,
A heartwarming story with lovable characters and a beautiful message. I left the theater feeling uplifted and inspired.,,Positive,Paddington 2,,,,,,
"I was thoroughly disappointed. The film dragged on forever, and the ending made absolutely no sense.",,Negative,The Last Jedi,,,,,,
"An instant classic! The direction, screenplay, and performances are all top-notch. This movie will stay with you long after the credits roll.",,Positive,Casablanca,,,,,,
Don't waste your time. This film is a convoluted mess with unlikeable characters and a predictable plot.,,Negative,Batman v Superman: Dawn of Justice,,,,,,
A brilliant and thought-provoking film that explores complex themes with grace and intelligence. Highly recommended.,,Positive,Arrival,,,,,,
"I found the movie to be generally uninspired. There were some interesting ideas, but they weren't executed well.",,Neutral,Interstellar,,,,,,
"One of the worst movies I've ever seen. The dialogue is laughably bad, and the pacing is excruciatingly slow.",,Negative,Troll 2,,,,,,
"A cinematic masterpiece! The stunning visuals, gripping storyline, and powerful performances make this an unforgettable experience.",,Positive,Lawrence of Arabia,,,,,,
"This movie felt like a chore to watch. The characters were bland, and the story was dull. I wouldn't recommend this to anyone.",,Negative,Jupiter Ascending,,,,,,
"I absolutely loved this film. The humor is sharp, the characters are charming, and the story is incredibly engaging.",,Positive,Knives Out,,,,,,
"This might just be the worst movie ever made. It is so bad, it defies description.",,Negative,Birdemic: Shock and Terror,,,,,,
"A truly exceptional film. The acting is phenomenal, the story is captivating, and the direction is masterful.",,Positive,The Godfather,,,,,,
"The movie was okay. I wasn't particularly impressed, but I wasn't disappointed either.",,Neutral,Avengers: Endgame,,,,,,
A delightful and heartwarming film that will appeal to audiences of all ages. A true cinematic gem.,,Positive,Spirited Away,,,,,,
The movie tries too hard to be clever and ends up being pretentious and annoying,,Negative,Mother!,,,,,,
Visually stunning and incredibly moving. The score is a masterpiece and the acting flawless.,,Positive,Amelie,,,,,,
What a ride! This movie is a non-stop thrill ride from start to finish. Action-packed and incredibly entertaining.,,Positive,Mad Max: Fury Road,,,,,,
A dazzling spectacle with stunning visuals and a heartwarming story. A must-see for the whole family!,,Positive,Starlight Adventures,,,,,,
"This film is an absolute masterpiece. The direction, acting, and storyline were all phenomenal. My favorite movie of the year!",,Positive,Echoes of the Past,,,,,,
"The performances were captivating, and the plot twists kept me on the edge of my seat. A truly unforgettable cinematic experience.",,Positive,Crimson Tide,,,,,,
An uplifting and inspiring movie that will leave you feeling hopeful and ready to take on the world. Highly recommended!,,Positive,The Optimist's Journey,,,,,,
"The special effects were groundbreaking, and the action sequences were adrenaline-pumping. A true blockbuster!",,Positive,Galactic Command,,,,,,
A beautifully crafted film that explores complex themes with grace and sensitivity. Prepare to be moved.,,Positive,Silent Whispers,,,,,,
"From start to finish, this movie is a delight. The humor is sharp, the characters are endearing, and the ending is perfect.",,Positive,Laugh Riot,,,,,,
"A thought-provoking and intelligent film that challenges conventional thinking. Not for the faint of heart, but well worth the watch.",,Positive,The Innovator,,,,,,
"The acting was superb, the directing was clever and the set pieces were incredible. Easily a 10/10.",,Positive,The Grand Budapest Hotel,,,,,,
"Absolutely fantastic movie, gripping storyline and impeccable acting, a must watch for any fan of the genre.",,Positive,Seven,,,,,,
"The plot was convoluted and confusing, and the characters were underdeveloped. A complete waste of time.",,Negative,The Labyrinth,,,,,,
I struggled to get through this movie; the pacing was awful and the humor was totally misguided. Do not recommend.,,Negative,Comedy of Errors,,,,,,
"A complete disaster from beginning to end. The acting was atrocious, the script was nonsensical, and the direction was amateurish.",,Negative,Nightmare Fuel,,,,,,
"The special effects were laughably bad, and the storyline was incredibly predictable. Avoid this movie at all costs.",,Negative,Cosmic Crash,,,,,,
"While ambitious, this film ultimately fails to deliver. The ideas are interesting, but the execution is lacking.",,Negative,Dreams of Tomorrow,,,,,,
I found the movie to be quite bad. The music was irritating.,,Negative,Bad Apple,,,,,,
"Terrible, I went in with high expectations and was sorely disappointed. Should have stayed in.",,Negative,High Hopes,,,,,,
"A decent movie, nothing too groundbreaking, but still held my attention. I would recommend for a lazy night in.",,Neutral,Average Joe,,,,,,
"It was a movie, I watched it. Was not good or bad.",,Neutral,The Block,,,,,,
"I am unsure what to think about this movie. I did not hate it, but I would not watch it again either.",,Neutral,Pondering Thoughts,,,,,,
"An absolute masterpiece! The cinematography is stunning, and the story is deeply moving.",,Positive,Nomadland,,,,,,
"This film completely fails to capture the essence of the book. The acting is wooden, and the plot is all over the place.",,Negative,The Scarlet Letter,,,,,,
"The action sequences are exhilarating, and the characters are surprisingly well-developed for a popcorn flick.",,Positive,Mad Max: Fury Road,,,,,,
"I found myself constantly checking my watch. The pacing is glacial, and the dialogue is pretentious.",,Negative,Last Year at Marienbad,,,,,,
A heartwarming story about friendship and perseverance. Highly recommended for family viewing.,,Positive,Paddington 2,,,,,,
"Technically proficient but ultimately forgettable. It's a movie, alright.",,Neutral,Passengers,,,,,,
"What a waste of talent! The script is atrocious, and the direction is amateurish.",,Negative,Battlefield Earth,,,,,,
A brilliant and thought-provoking exploration of artificial intelligence. This movie raises important questions about humanity.,,Positive,Ex Machina,,,,,,
"A visual feast! The special effects are groundbreaking, and the world-building is immersive.",,Positive,Avatar,,,,,,
I am completely mystified by the positive reviews. This film is a nonsensical mess from start to finish.,,Negative,Primer,,,,,,
A charming and witty romantic comedy. I laughed out loud several times.,,Positive,When Harry Met Sally...,,,,,,
A truly unsettling and disturbing horror film. Not for the faint of heart.,,Positive,Hereditary,,,,,,
"It was alright. The plot was kind of predictable, but the acting was decent.",,Neutral,The Proposal,,,,,,
"I expected more. It was a reasonably entertaining movie, but I don't know if I would recommend it to anyone.",,Neutral,Jaws,,,,,,
"The plot holes are massive, and the characters make incredibly stupid decisions. Avoid at all costs.",,Negative,Plan 9 from Outer Space,,,,,,
Absolutely superb! One of the best movies of the year by far.,,Positive,Everything Everywhere All at Once,,,,,,
"I really wanted to like this, but it was just so boring. Nothing really happens, and it drags on forever.",,Negative,Sleep,,,,,,
"The humor falls flat, and the plot is meandering and pointless. An absolute disappointment.",,Negative,Jack and Jill,,,,,,
"The score was great, the effects were good, and it had several funny scenes. Overall a movie worth seeing.",,Positive,Guardians of the Galaxy,,,,,,
A cinematic tragedy. This movie took an awesome idea and butchered the execution!,,Negative,Cats,,,,,,
"An absolute masterpiece! The acting was superb, and the story kept me on the edge of my seat from beginning to end.",,Positive,The Shawshank Redemption,,,,,,
"This film is a visual feast! The cinematography is breathtaking, and the special effects are top-notch. A must-see on the big screen.",,Positive,Avatar,,,,,,
Hilarious and heartwarming! This movie is a feel-good experience that will leave you with a smile on your face.,,Positive,Paddington 2,,,,,,
"A brilliant exploration of complex themes. The director's vision is clear, and the performances are nuanced and powerful.",,Positive,Arrival,,,,,,
The suspense is palpable throughout the entire film. A truly gripping thriller that will keep you guessing until the very end.,,Positive,Prisoners,,,,,,
I was completely captivated by this story. A beautiful and moving film that will stay with you long after the credits roll.,,Positive,Amelie,,,,,,
"A modern classic! This movie is a perfect blend of action, humor, and heart. I've seen it countless times and it never gets old.",,Positive,The Princess Bride,,,,,,
"The animation is stunning, and the story is both heartwarming and thought-provoking. Perfect for audiences of all ages.",,Positive,Spirited Away,,,,,,
"A breathtaking achievement in storytelling. The acting, directing, and cinematography are all flawless. A must-watch.",,Positive,Lawrence of Arabia,,,,,,
What an incredible film! The script was amazingly written and adapted. Oscar worthy for sure.,,Positive,Oppenheimer,,,,,,
"The plot was convoluted and nonsensical. I spent the entire movie trying to figure out what was going on, and ultimately gave up.",,Negative,Tenet,,,,,,
"The acting was atrocious, the dialogue was clunky, and the special effects looked like they were made in someone's basement. A complete disaster.",,Negative,Cats,,,,,,
"I went into this movie with high expectations, and was sorely disappointed. The story was boring and predictable, and the characters were completely unmemorable.",,Negative,Jupiter Ascending,,,,,,
"This film is a complete waste of time. The humor is juvenile, the action is repetitive, and the overall experience is just plain unpleasant.",,Negative,Jack and Jill,,,,,,
"I struggled to finish this movie. The pacing was glacial, and the story meandered aimlessly. Avoid at all costs.",,Negative,The Last Airbender,,,,,,
Visually unappealing with a dull story and uninteresting characters. One of the worst movies I have seen this year,,Negative,Morbius,,,,,,
"This movie was poorly written and uninspired. The actors did their best, but the story was a lost cause.",,Negative,Batman and Robin,,,,,,
"It was watchable. Some parts were interesting, others not so much. Overall, an average movie.",,Neutral,War of the Worlds,,,,,,
"A decent movie to kill some time. The plot was not the most creative. Not bad, not great. Just alright.",,Neutral,Jaws,,,,,,
"Worth a watch if there's absolutely nothing else to do. I wouldn't actively recommend it, though.",,Neutral,Interstellar,,,,,,
A visual masterpiece with a compelling story that kept me on the edge of my seat from beginning to end. The acting was superb!,,Positive,Dune,,,,,,
"This film is an absolute disaster. The plot makes no sense, the acting is wooden, and the special effects look like they were done on a Commodore 64.",,Negative,Plan 9 from Outer Space,,,,,,
"The film was alright, I guess. It had some cool moments, but overall it felt a bit predictable.",,Neutral,Avengers: Endgame,,,,,,
An instant classic! The heartwarming story and incredible animation make this a must-see for families and animation lovers alike.,,Positive,Toy Story,,,,,,
"Utterly disappointing. The hype was completely unwarranted. This movie is a poorly written, badly acted mess.",,Negative,Suicide Squad,,,,,,
"A truly remarkable film that explores complex themes with grace and intelligence. The performances are outstanding, and the direction is masterful.",,Positive,Moonlight,,,,,,
"I don't understand the critical acclaim for this film. It was slow, pretentious, and ultimately pointless.",,Negative,The Tree of Life,,,,,,
"This movie exceeded all expectations! The action sequences were exhilarating, and the characters were incredibly well-developed.",,Positive,Mad Max: Fury Road,,,,,,
"The script needed work. Overall, it was okay, but nothing great.",,Neutral,Tenet,,,,,,
"Visually stunning and emotionally resonant. This film is a powerful exploration of love, loss, and the human condition.",,Positive,Interstellar,,,,,,
"A cinematic train wreck. The plot holes are gigantic, the dialogue is atrocious, and the ending is completely baffling.",,Negative,Batman & Robin,,,,,,
"What a charming and delightful film! I laughed, I cried, and I left the theater feeling uplifted and inspired.",,Positive,Paddington 2,,,,,,
I couldn't follow the plot. It felt like several different movies mashed into one.,,Negative,Cloud Atlas,,,,,,
"A near-perfect film! The acting, directing, and cinematography are all top-notch. This is a movie that will stay with you long after you've seen it.",,Positive,The Shawshank Redemption,,,,,,
"This film is an insult to cinema. The special effects are laughable, the acting is amateurish, and the story is nonexistent.",,Negative,Troll 2,,,,,,
A truly special film with a powerful message and unforgettable characters. This is a must-see for everyone.,,Positive,Schindler's List,,,,,,
A good time all around. I found it funny and exciting. Tom Cruise at his best.,,Positive,Mission Impossible: Fallout,,,,,,
Not very good. Too long and boring.,,Neutral,Oppenheimer,,,,,,
I hated every second of the film. Absolute garbage.,,Negative,Cats,,,,,,
A cinematic gem. I can't recommend this enough.,,Positive,Everything Everywhere All at Once,,,,,,
A heartwarming tale that will leave you smiling. The animation is stunning and the characters are incredibly relatable.,,Positive,Luca,,,,,,
Utterly disappointing. The plot was convoluted and the acting was subpar. A complete waste of time and money.,,Negative,Quantum Anomaly,,,,,,
"While the special effects were impressive, the storyline lacked depth and originality. I expected more.",,Neutral,Celestial Odyssey,,,,,,
"The pacing was perfect, keeping me on the edge of my seat from beginning to end. A must-see thriller!",,Positive,The Silent Watcher,,,,,,
I fell asleep halfway through. The dialogue was tedious and the characters were paper-thin. Absolutely dreadful.,,Negative,Echoes of the Past,,,,,,
A visual masterpiece with a compelling narrative. The performances were captivating and the direction was superb. Highly recommended.,,Positive,Whispers of the Wind,,,,,,
"A forgettable film with a predictable plot and uninspired acting. Nothing particularly good or bad, just bland.",,Neutral,Suburban Shadows,,,,,,
"This movie exceeded all expectations. A brilliant blend of humor and heart, with a message that resonates long after the credits roll.",,Positive,The Accidental Hero,,,,,,
One of the worst movies I've ever seen. The script was nonsensical and the execution was atrocious. Avoid at all costs.,,Negative,Galactic Meltdown,,,,,,
"An instant classic! The performances were stellar, the cinematography breathtaking, and the story deeply moving.",,Positive,The Painted Veil,,,,,,
"A truly original and thought-provoking film. The director's vision is clear, and the actors bring their characters to life with incredible nuance.",,Positive,Ephemeral Dreams,,,,,,
"The acting was wooden, the plot was illogical, and the special effects were laughable. A complete disaster.",,Negative,The Crimson Planet,,,,,,
"I was entertained, but nothing really stood out. It was fine for a rainy afternoon but not something I'd rush to recommend.",,Neutral,Midnight Bloom,,,,,,
"An absolute gem! The story is beautifully told, and the characters are so well-developed. I can't recommend this enough.",,Positive,The Secret Garden,,,,,,
"A charming and delightful film that will appeal to audiences of all ages. The animation is gorgeous, and the story is full of warmth and humor.",,Positive,The Happy Dragon,,,,,,
"I was incredibly disappointed. The trailers looked promising, but the actual movie was a letdown. The plot was full of holes and very boring.",,Negative,Abyss Horizon,,,,,,
A truly remarkable cinematic experience. The score was beautiful and the storyline fresh.,,Positive,The Golden Compass,,,,,,
"Terrible editing, abysmal acting, and a story ripped-off from better movies. Do not watch.",,Negative,Stellar Conquest,,,,,,
"The movie felt unfinished. Characters were introduced but then forgotten, the plot meandered, and the ending was abrupt and made little sense.",,Negative,The Hidden Truth,,,,,,
A thought-provoking and emotional journey. The performances are outstanding and the story is masterfully crafted. A definite must-see.,,Positive,The Last Goodbye,,,,,,
"A visual masterpiece! The story was captivating, and the acting was superb. Definitely a must-watch!",,Positive,Dune,,,,,,
"Utterly disappointing. The plot was convoluted, and the characters were unlikable. A complete waste of time.",,Negative,Jupiter Ascending,,,,,,
"The movie was decent. The special effects were good, but the story felt a bit generic.",,Neutral,Eternals,,,,,,
I was on the edge of my seat the entire time! A thrilling and suspenseful ride from start to finish.,,Positive,The Invisible Man,,,,,,
"This movie is an absolute gem. The humor is witty, and the story is heartwarming. Perfect for the whole family.",,Positive,Paddington 2,,,,,,
Incredibly slow and boring. I could barely keep my eyes open. Do not recommend.,,Negative,The English Patient,,,,,,
The cinematography was breathtaking. A truly beautiful film that will stay with you long after the credits roll.,,Positive,Blade Runner 2049,,,,,,
"I laughed, I cried, I cheered! A wonderful and inspiring story about overcoming adversity.",,Positive,Forrest Gump,,,,,,
"This film tried too hard, and the results are embarrasing. The dialog was truly awful.",,Negative,Battlefield Earth,,,,,,
"A cinematic triumph! The acting, directing, and writing were all top-notch.",,Positive,The Godfather,,,,,,
"Mediocre at best. The acting was wooden, and the plot was predictable. I wouldn't bother.",,Negative,The Lake House,,,,,,
"A fun and exciting adventure! The action sequences were well-choreographed, and the characters were engaging.",,Positive,Raiders of the Lost Ark,,,,,,
I have no idea why this movie was made. The plot makes no sense. Avoid it.,,Negative,Cats,,,,,,
"The movie was alright, I suppose. It passed the time, but it's nothing I'd watch again.",,Neutral,Passengers,,,,,,
I was completely enchanted by this film. A truly magical experience.,,Positive,Spirited Away,,,,,,
"One of the worst movies I've ever seen. So bad that it's good, I guess?",,Negative,Troll 2,,,,,,
An instant classic! It will go down in history.,,Positive,Casablanca,,,,,,
The movie was... a movie. Had a plot. Done.,,Neutral,Tenet,,,,,,
"This movie was surprisingly excellent, what a treat!",,Positive,Everything Everywhere All At Once,,,,,,
"This had the potential to be something fantastic, but missed the mark. So disappointing.",,Negative,Prometheus,,,,,,
A breathtaking adventure that will leave you on the edge of your seat. The visuals are stunning and the story is incredibly engaging.,,Positive,Avatar: The Way of Water,,,,,,
"Absolutely dreadful. Poor acting, a nonsensical plot, and cheap special effects. A complete waste of time and money.",,Negative,Plan 9 from Outer Space,,,,,,
"The film was alright. Some parts were entertaining, but overall it was quite forgettable.",,Neutral,Eternals,,,,,,
A heartwarming and hilarious film that celebrates the power of friendship. Prepare to laugh and cry.,,Positive,Toy Story,,,,,,
"This movie is a cinematic masterpiece. The direction, acting, and soundtrack are all perfect. A must-see!",,Positive,Casablanca,,,,,,
I couldn't follow the plot. It felt like a bunch of random scenes strung together. Avoid if you value your sanity.,,Negative,Eraserhead,,,,,,
"Charming and delightful! The musical numbers are catchy, and the characters are lovable. Perfect for a family movie night.",,Positive,Singin' in the Rain,,,,,,
"An epic tale of love, loss, and redemption. The performances are powerful, and the cinematography is gorgeous. A true classic.",,Positive,The Shawshank Redemption,,,,,,
"This film is an absolute mess. The dialogue is clunky, the pacing is terrible, and the acting is atrocious.",,Negative,Troll 2,,,,,,
"A modern classic. The direction is flawless, and the atmosphere is incredibly tense. Highly recommended for fans of suspense.",,Positive,Psycho,,,,,,
"This movie had potential, but it ultimately fell flat. The story was convoluted, and the characters were underdeveloped.",,Negative,Prometheus,,,,,,
I went in with low expectations and it was okay. I think it's worth a watch if you're really bored,,Neutral,6 Underground,,,,,,
Brilliant! An intelligent and thought-provoking film that will stay with you long after the credits roll.,,Positive,Arrival,,,,,,
"Utterly disappointing. The humor falls flat, and the story is predictable and uninspired.",,Negative,Movie 43,,,,,,
Heartbreaking and beautiful. This movie is a testament to the human spirit and the power of hope.,,Positive,Life is Beautiful,,,,,,
I'm not sure what this movie was trying to say. It was confusing and ultimately pointless.,,Negative,Holy Mountain,,,,,,
"The special effects were impressive, but the story was weak. Overall, it was just an average action movie.",,Neutral,Transformers,,,,,,
A cinematic masterpiece! A moving story with complex characters and an interesting and unique plot.,,Positive,Everything Everywhere All At Once,,,,,,
This movie was an abomination. How did this get made?,,Negative,Cats,,,,,,
One of the best movies ever made. A complete delight from start to finish.,,Positive,Paddington 2,,,,,,
"A visual masterpiece with a gripping story that kept me on the edge of my seat. The acting was superb, and the ending was perfect.",,Positive,Dune,,,,,,
The plot was convoluted and nonsensical. I couldn't follow who was doing what and why. A complete waste of time.,,Negative,Jupiter Ascending,,,,,,
"The special effects were good, but the story was lacking. It felt like a generic action movie with nothing new to offer.",,Neutral,Transformers: Age of Extinction,,,,,,
"An instant classic! The humor is sharp, the characters are relatable, and the story is heartwarming. A must-see for everyone.",,Positive,Paddington 2,,,,,,
"I walked out halfway through. The dialogue was atrocious, and the acting was even worse. Do yourself a favor and skip this one.",,Negative,Cats,,,,,,
"Absolutely stunning! The cinematography is breathtaking, and the performances are incredibly powerful. This movie is a true work of art.",,Positive,Portrait of a Lady on Fire,,,,,,
"While competently made, it didn't really leave a lasting impression. It was just... there.",,Neutral,Eternals,,,,,,
"This film is an absolute delight! The music is catchy, the animation is gorgeous, and the story is inspiring. Highly recommended for families.",,Positive,Spider-Man: Into the Spider-Verse,,,,,,
"The movie tried to be clever but ended up being pretentious and confusing. The pacing was slow, and the plot was full of holes.",,Negative,Tenet,,,,,,
"A truly unforgettable experience! The story is heartwarming, the characters are lovable, and the message is beautiful. I highly recommend it.",,Positive,The Lion King (1994),,,,,,
"I found this movie to be surprisingly enjoyable. The acting was decent, and the plot was engaging enough to keep my attention.",,Positive,Knives Out,,,,,,
"Utterly predictable and derivative. It's the same story we've seen a hundred times before, but worse.",,Negative,After,,,,,,
"A cinematic triumph! The direction is masterful, the performances are captivating, and the story is thought-provoking.",,Positive,Citizen Kane,,,,,,
"The animation was uninspired and the jokes fell flat. My kids were bored, and so was I.",,Negative,The Emoji Movie,,,,,,
"A rollercoaster of emotions! The movie is funny, heartwarming, and heartbreaking, all at the same time. What a great experience!",,Positive,Up,,,,,,
"The plot kept me guessing, though I felt the ending was slightly weak. Overall, a decent watch.",,Neutral,Shutter Island,,,,,,
What an incredible experience! The acting was fantastic. The cinematography was out of this world. Such a compelling story. Highly recommend!,,Positive,Everything Everywhere All at Once,,,,,,
I couldn't understand anything that happened. The story had potential but was executed terribly. What a disappointment!,,Negative,Primer,,,,,,
"A phenomenal film! The world-building is outstanding, and the story is one of the best I've ever seen.",,Positive,The Lord of the Rings: The Fellowship of the Ring,,,,,,
The only thing appealing about this movie was the soundtrack. Everything else was terrible,,Negative,Batman and Robin,,,,,,
"A cinematic masterpiece! The acting, directing, and story all come together perfectly to create a truly unforgettable experience.",,Positive,Oppenheimer,,,,,,
"This movie was an absolute train wreck. The plot was convoluted, the acting was wooden, and the special effects looked like they were made in someone's basement.",,Negative,Plan 9 from Outer Space,,,,,,
"The pacing was a bit slow, and some of the plot points felt underdeveloped. Overall, a decent watch, but nothing groundbreaking.",,Neutral,Tenet,,,,,,
"From start to finish, this film captivated me. The visuals are stunning, the music is soaring, and the characters are deeply compelling. A must-see!",,Positive,Avatar: The Way of Water,,,,,,
"Dreadful! Cliched dialogue, predictable plot, and terrible camera work. I walked out halfway through.",,Negative,Cats,,,,,,
"While not a perfect film, it had its moments. The performances were generally good, and the story was interesting enough to keep me engaged. Worth a watch if you're looking for something light.",,Neutral,Knives Out,,,,,,
A delightful and heartwarming film with a wonderful message about the importance of family and friendship. Highly recommended for viewers of all ages.,,Positive,Paddington 2,,,,,,
"I can't believe I wasted two hours of my life on this garbage. The writers clearly ran out of ideas halfway through, and the ending was an absolute joke.",,Negative,Space Jam 2,,,,,,
"An instant classic! The action sequences are breathtaking, the humor is spot-on, and the world-building is phenomenal.",,Positive,Mad Max: Fury Road,,,,,,
"This movie is so bad, it's almost good! The acting is over-the-top, the dialogue is cheesy, and the plot is completely ridiculous. A guilty pleasure.",,Positive,Troll 2,,,,,,
"A genuine thrill ride from beginning to end. The suspense is palpable, the twists are unexpected, and the performances are top-notch.",,Positive,Prisoners,,,,,,
Terrible acting and a nonsensical plot made this movie unbearable to watch.,,Negative,Batman & Robin,,,,,,
"A beautiful film that explores complex themes with grace and sensitivity. The cinematography is breathtaking, and the performances are deeply moving.",,Positive,Moonlight,,,,,,
Predictable and boring. I would rather watch paint dry than sit through this movie again.,,Negative,The Emoji Movie,,,,,,
"The movie was alright, it neither impressed nor disappointed. It's just there.",,Neutral,Ant-Man and the Wasp: Quantumania,,,,,,
"Exceptionally well done, the actors were perfectly cast - great movie!",,Positive,The Shawshank Redemption,,,,,,
"I struggled to follow the story, the script writing was very poor.",,Negative,Jupiter Ascending,,,,,,
"The storyline was well thought out, and the characters were believable. Worth my time.",,Positive,Arrival,,,,,,
I felt like I was watching a low-budget film student project. Skip it.,,Negative,Birdemic: Shock and Terror,,,,,,
"The acting was phenomenal, and the special effects were ground breaking. One of the best movies I have ever seen!",,Positive,Everything Everywhere All at Once,,,,,,
